####################################
# SETUP
####################################
CREATE DATABASE statements_digest;
USE statements_digest;
CREATE TABLE t1(a int);
CREATE TABLE t2(a int);
CREATE TABLE t3(a int, b int);
CREATE TABLE t4(a int, b int);
CREATE TABLE t5(a int, b int, c int);
CREATE TABLE t6(a int, b int, c int, d int);
CREATE TABLE t11 (c CHAR(4));
CREATE TABLE t12 (c CHAR(4));
SELECT * FROM performance_schema.setup_consumers;
NAME	ENABLED
events_stages_current	YES
events_stages_history	YES
events_stages_history_long	YES
events_statements_current	NO
events_statements_history	YES
events_statements_history_long	YES
events_waits_current	YES
events_waits_history	YES
events_waits_history_long	YES
global_instrumentation	YES
thread_instrumentation	YES
statements_digest	YES
TRUNCATE TABLE performance_schema.events_statements_summary_by_digest;
####################################
# EXECUTION
####################################
SELECT 1 FROM t1;
1
SELECT 1 FROM `t1`;
1
SELECT 1,2 FROM t1;
1	2
SELECT 1, 2, 3, 4 FROM t1;
1	2	3	4
SELECT 1 FROM t2;
1
SELECT 1,2 FROM t2;
1	2
SELECT 1, 2, 3, 4 FROM t2;
1	2	3	4
INSERT INTO t1 VALUES (1);
INSERT INTO t2 VALUES (1);
INSERT INTO t3 VALUES (1, 2);
INSERT INTO t4 VALUES (1, 2);
INSERT INTO t5 VALUES (1, 2, 3);
INSERT INTO t1 VALUES (1), (2), (3);
INSERT INTO t1 VALUES (1), (2), (3), (4);
INSERT INTO t3 VALUES (1, 2), (3, 4), (5, 6);
INSERT INTO t5 VALUES (1, 2, 3), (4, 5, 6), (7, 8, 9);
INSERT INTO t1 VALUES (NULL);
INSERT INTO t3 VALUES (NULL,NULL);
INSERT INTO t3 VALUES (1,NULL);
INSERT INTO t3 VALUES (NULL,1);
INSERT INTO t6 VALUES (NULL, NULL, NULL, NULL);
INSERT INTO t6 VALUES (1, NULL, NULL, NULL);
INSERT INTO t6 VALUES (NULL, 2, NULL, NULL);
INSERT INTO t6 VALUES (1, 2, 3, NULL);
INSERT INTO t6 VALUES (1, 2, NULL, 4);
SELECT                                          1           +        1;
1           +        1
2
SELECT 1;
1
1
SELECT 1 /* This is an inline comment */ + 1;
1 /* This is an inline comment */ + 1
2
SELECT 1+
/*
this is a
multiple-line comment
*/
1;
1+
/*
this is a
multiple-line comment
*/
1
2
CREATE SCHEMA statements_digest_temp;
DROP SCHEMA statements_digest_temp;
CREATE DATABASE statements_digest_temp;
DROP DATABASE statements_digest_temp;
SELECT 1 FROM no_such_table;
ERROR 42S02: Table 'statements_digest.no_such_table' doesn't exist
CREATE TABLE dup_table (c char(4));
CREATE TABLE dup_table (c char(4));
ERROR 42S01: Table 'dup_table' already exists
DROP TABLE dup_table;
INSERT INTO t11 VALUES("MySQL");
Warnings:
Warning	1265	Data truncated for column 'c' at row 1
PREPARE stmt FROM "SELECT * FROM t12";
EXECUTE stmt;
c
EXECUTE stmt;
c
DEALLOCATE PREPARE stmt;
CREATE PROCEDURE p1() BEGIN SELECT * FROM t12; END//
CALL p1();
c
CALL p1();
c
DROP PROCEDURE p1;
CREATE FUNCTION `func`(a INT, b INT) RETURNS int(11) RETURN a+b //
select func(3,4);
func(3,4)
7
select func(13,42);
func(13,42)
55
DROP FUNCTION func;
CREATE TRIGGER trg BEFORE INSERT ON t12 FOR EACH ROW SET @a:=1;
INSERT INTO t12 VALUES ("abc");
INSERT INTO t12 VALUES ("def");
DROP TRIGGER trg;
####################################
# QUERYING PS STATEMENT DIGEST
####################################
SELECT schema_name, digest, digest_text, count_star FROM performance_schema.events_statements_summary_by_digest;
schema_name	digest	digest_text	count_star
statements_digest	415436387e0c9b78bd11db6978cec06a	TRUNCATE TABLE performance_schema . events_statements_summary_by_digest 	1
statements_digest	237090cbb3c030db5bbb2f0fdd0c81cf	SELECT ? FROM t1 	1
statements_digest	f1d8db37a0cc799939b9b997a47ad29f	SELECT ? FROM `t1` 	1
statements_digest	0b6101a9340edef56994563db82c4fd5	SELECT ?, ... FROM t1 	2
statements_digest	8607f6272e838957fc5e24d8d0d3accc	SELECT ? FROM t2 	1
statements_digest	64eda3adef365521e18baeab0877600f	SELECT ?, ... FROM t2 	2
statements_digest	4e8064c6a884299692f2a7f6c9023b43	INSERT INTO t1 VALUES (?) 	1
statements_digest	799b1d46d44c94f80e90ada08a888803	INSERT INTO t2 VALUES (?) 	1
statements_digest	ccf31230fa9505b3dbf9a004d2170c51	INSERT INTO t3 VALUES (...) 	4
statements_digest	282eb91c0d46e96b22b4b3bc1ce4df4a	INSERT INTO t4 VALUES (...) 	1
statements_digest	e9cd4622d201349fffe3618d7b7627ce	INSERT INTO t5 VALUES (...) 	1
statements_digest	95886ce237cbc916db986e7475c811d2	INSERT INTO t1 VALUES (?) /* , ... */ 	2
statements_digest	9e0ff7a938d1ebfc995217d69af1eeb9	INSERT INTO t3 VALUES (...) /* , ... */ 	1
statements_digest	efe8cc4d5131bcfd9e4eb4a1b7484b85	INSERT INTO t5 VALUES (...) /* , ... */ 	1
statements_digest	959d8cd6410cf0cf0115c1602a4f26c7	INSERT INTO t1 VALUES ( NULL ) 	1
statements_digest	9b971ffadb54ab814cee1e911da05160	INSERT INTO t6 VALUES (...) 	5
statements_digest	50235021b858410142a164af4fa212aa	SELECT ? + ? 	3
statements_digest	916d9cdf3226d38c7582a6aa67197cc2	SELECT ? 	1
statements_digest	968cda33e0a36abfb0e448c7ffa0bd18	CREATE SCHEMA statements_digest_temp 	2
statements_digest	1d74d9125b2760ea4414eec1883c2fb0	DROP SCHEMA statements_digest_temp 	2
statements_digest	46a3d15879129419133fdbabeac7c7ab	SELECT ? FROM no_such_table 	1
statements_digest	5deebe0238ccf28c3855b74534d37a27	CREATE TABLE dup_table ( c CHARACTER (?) ) 	2
statements_digest	ee9b5b0f7680d49ba4d3bc802ec8e7a3	DROP TABLE dup_table 	1
statements_digest	0b08d8ea6a45b9b2741c9e179bddaa14	INSERT INTO t11 VALUES (?) 	1
statements_digest	6aa15b028a5ad2b3384fa289a4baa772	SHOW WARNINGS 	1
statements_digest	444341f3e50534088e1d9e3c84552b66	PREPARE stmt FROM ? 	1
statements_digest	edab07d64fb0a20a9bb507095967b1d8	EXECUTE stmt 	2
statements_digest	2cad8e3e93607bd49a8beec05df1ab65	DEALLOCATE PREPARE stmt 	1
statements_digest	04499f92f870e879d093cb5dfcb50926	CREATE PROCEDURE p1 ( ) BEGIN SELECT * FROM t12 ; END 	1
statements_digest	41aeaff9006e79233b372bc3f25ec796	CALL p1 ( ) 	2
statements_digest	1ec4ef94bbec24f55a66de6d43988fd8	DROP PROCEDURE p1 	1
statements_digest	c514cfcf8b37e2f4ccc9974d238a6fea	CREATE FUNCTION `func` ( a INTEGER , b INTEGER ) RETURNS INTEGER (?) RETURN a + b 	1
statements_digest	e113a6a9c0553d16ea04ba1e58265bce	SELECT func (...) 	2
statements_digest	c51b3a73bbc1a5206df48740cf7937d8	DROP FUNCTION func 	1
statements_digest	938cf621da84b67d5d027ea69057d1d6	CREATE TRIGGER trg BEFORE INSERT ON t12 FOR EACH ROW SET @ ? := ? 	1
statements_digest	4a1d80d210602c558ae8f9d0fa5d9b86	INSERT INTO t12 VALUES (?) 	2
statements_digest	dcd3360ac102796afc7ad71612253cb1	DROP TRIGGER trg 	1
SELECT digest, digest_text FROM performance_schema.events_statements_current;
digest	digest_text
####################################
# CLEANUP
####################################
DROP TABLE IF EXISTS t1;
DROP TABLE IF EXISTS t2;
DROP TABLE IF EXISTS t3;
DROP TABLE IF EXISTS t4;
DROP TABLE IF EXISTS t5;
DROP TABLE IF EXISTS t6;
DROP TABLE IF EXISTS t11;
DROP TABLE IF EXISTS t12;
DROP DATABASE IF EXISTS statements_digest;
