####################################
# SETUP
####################################
CREATE DATABASE statements_digest;
USE statements_digest;
CREATE TABLE t1(a int);
CREATE TABLE t2(a int);
CREATE TABLE t3(a int, b int);
CREATE TABLE t4(a int, b int);
CREATE TABLE t5(a int, b int, c int);
CREATE TABLE t6(a int, b int, c int, d int);
CREATE TABLE t11 (c CHAR(4));
CREATE TABLE t12 (c CHAR(4));
SELECT * FROM performance_schema.setup_consumers;
NAME	ENABLED
events_stages_current	YES
events_stages_history	YES
events_stages_history_long	YES
events_statements_current	NO
events_statements_history	YES
events_statements_history_long	YES
events_waits_current	YES
events_waits_history	YES
events_waits_history_long	YES
global_instrumentation	YES
thread_instrumentation	YES
statements_digest	YES
TRUNCATE TABLE performance_schema.events_statements_summary_by_digest;
####################################
# EXECUTION
####################################
SELECT 1 FROM t1;
1
SELECT 1 FROM `t1`;
1
SELECT 1,2 FROM t1;
1	2
SELECT 1, 2, 3, 4 FROM t1;
1	2	3	4
SELECT 1 FROM t2;
1
SELECT 1,2 FROM t2;
1	2
SELECT 1, 2, 3, 4 FROM t2;
1	2	3	4
INSERT INTO t1 VALUES (1);
INSERT INTO t2 VALUES (1);
INSERT INTO t3 VALUES (1, 2);
INSERT INTO t4 VALUES (1, 2);
INSERT INTO t5 VALUES (1, 2, 3);
INSERT INTO t1 VALUES (1), (2), (3);
INSERT INTO t1 VALUES (1), (2), (3), (4);
INSERT INTO t3 VALUES (1, 2), (3, 4), (5, 6);
INSERT INTO t5 VALUES (1, 2, 3), (4, 5, 6), (7, 8, 9);
INSERT INTO t1 VALUES (NULL);
INSERT INTO t3 VALUES (NULL,NULL);
INSERT INTO t3 VALUES (1,NULL);
INSERT INTO t3 VALUES (NULL,1);
INSERT INTO t6 VALUES (NULL, NULL, NULL, NULL);
INSERT INTO t6 VALUES (1, NULL, NULL, NULL);
INSERT INTO t6 VALUES (NULL, 2, NULL, NULL);
INSERT INTO t6 VALUES (1, 2, 3, NULL);
INSERT INTO t6 VALUES (1, 2, NULL, 4);
SELECT                                          1           +        1;
1           +        1
2
SELECT 1;
1
1
SELECT 1 /* This is an inline comment */ + 1;
1 /* This is an inline comment */ + 1
2
SELECT 1+
/*
this is a
multiple-line comment
*/
1;
1+
/*
this is a
multiple-line comment
*/
1
2
CREATE SCHEMA statements_digest_temp;
DROP SCHEMA statements_digest_temp;
CREATE DATABASE statements_digest_temp;
DROP DATABASE statements_digest_temp;
SELECT 1 FROM no_such_table;
ERROR 42S02: Table 'statements_digest.no_such_table' doesn't exist
CREATE TABLE dup_table (c char(4));
CREATE TABLE dup_table (c char(4));
ERROR 42S01: Table 'dup_table' already exists
DROP TABLE dup_table;
INSERT INTO t11 VALUES("MySQL");
Warnings:
Warning	1265	Data truncated for column 'c' at row 1
PREPARE stmt FROM "SELECT * FROM t12";
EXECUTE stmt;
c
EXECUTE stmt;
c
DEALLOCATE PREPARE stmt;
CREATE PROCEDURE p1() BEGIN SELECT * FROM t12; END//
CALL p1();
c
CALL p1();
c
DROP PROCEDURE p1;
CREATE FUNCTION `func`(a INT, b INT) RETURNS int(11) RETURN a+b //
select func(3,4);
func(3,4)
7
select func(13,42);
func(13,42)
55
DROP FUNCTION func;
CREATE TRIGGER trg BEFORE INSERT ON t12 FOR EACH ROW SET @a:=1;
INSERT INTO t12 VALUES ("abc");
INSERT INTO t12 VALUES ("def");
DROP TRIGGER trg;
####################################
# QUERYING PS STATEMENT DIGEST
####################################
SELECT digest, digest_text, count_star FROM performance_schema.events_statements_summary_by_digest;
digest	digest_text	count_star
1243b1028e1b7749e96e44b5607787c8	TRUNCATE TABLE performance_schema . events_statements_summary_by_digest 	1
eb7796f5858cdfbf634df5450f374ee4	SELECT ? FROM t1 	1
03384553824d3250eb50426f6e2b7159	SELECT ? FROM `t1` 	1
cc9bd51215dea94908bdba79bae412ba	SELECT ?, ... FROM t1 	2
456090ec712f31be0d756514ba448e34	SELECT ? FROM t2 	1
47ee9f3be69d3a4f77c4b9f2317a401c	SELECT ?, ... FROM t2 	2
b37ab0f095ed32e9f63b917cd4b74fdd	INSERT INTO t1 VALUES (?) 	1
276c92022a4f466f99ed0a1cccdfeafb	INSERT INTO t2 VALUES (?) 	1
07334dac2cbd33c8d36e851f523a0ba0	INSERT INTO t3 VALUES (...) 	4
f990043a328a442520e52cf8005c592c	INSERT INTO t4 VALUES (...) 	1
a8f7e1be414e73a0ce7f3b3d243520f2	INSERT INTO t5 VALUES (...) 	1
7efb24f6e70f1331e96654ab335b423e	INSERT INTO t1 VALUES (?) /* , ... */ 	2
47bfce1811a3d118cc6fbdca3fe3c1c3	INSERT INTO t3 VALUES (...) /* , ... */ 	1
9c35a0100d2773c4ae0f2e3c49e2b536	INSERT INTO t5 VALUES (...) /* , ... */ 	1
35f712606d766f75b17536ee50572c7c	INSERT INTO t1 VALUES ( NULL ) 	1
36109685a4b876fe20e3ec198122887e	INSERT INTO t6 VALUES (...) 	5
98cfa05d1784e8b84f90b50e532396b1	SELECT ? + ? 	3
da3604642cb465371cf042f201e9f105	SELECT ? 	1
968cda33e0a36abfb0e448c7ffa0bd18	CREATE SCHEMA statements_digest_temp 	2
1d74d9125b2760ea4414eec1883c2fb0	DROP SCHEMA statements_digest_temp 	2
4be031639df6fda7e752ef22a740be9c	SELECT ? FROM no_such_table 	1
6dbaa8290e40fff8b515e766006f15db	CREATE TABLE dup_table ( c CHARACTER (?) ) 	2
4dcf850e7eff8d6aa66f756bd7dfc56a	DROP TABLE dup_table 	1
8183c9b53555a587e25a39ff237bcce4	INSERT INTO t11 VALUES (?) 	1
66a53473a8c286d5672d7355b6373bf4	SHOW WARNINGS 	1
76677ac345383ebdd842e4a3256dbc61	PREPARE stmt FROM ? 	1
edab07d64fb0a20a9bb507095967b1d8	EXECUTE stmt 	2
ea8cadf3873afcdd15d7e56e61500dcc	DEALLOCATE PREPARE stmt 	1
659c3d78b2d5a5d401ffde4f749d25e2	CREATE PROCEDURE p1 ( ) BEGIN SELECT * FROM t12 ; END 	1
fc3faaefb8822f165c63d49f359fe29b	CALL p1 ( ) 	2
5ee5c94ee8688c78b2208025b2726060	DROP PROCEDURE p1 	1
c54c57035c174228df481a85d3085cdb	CREATE FUNCTION `func` ( a INTEGER , b INTEGER ) RETURNS INTEGER (?) RETURN a + b 	1
0ecbd0ebbb4f0a65eec8843a43e9618e	SELECT func (...) 	2
c51b3a73bbc1a5206df48740cf7937d8	DROP FUNCTION func 	1
272e747803f1e4a075e988e1bcb9c9d2	CREATE TRIGGER trg BEFORE INSERT ON t12 FOR EACH ROW SET @ ? := ? 	1
32a96811c830bc5af24fecf6d7c2c4d5	INSERT INTO t12 VALUES (?) 	2
0c8f91347d4c9988d7603ba001825bb8	DROP TRIGGER trg 	1
SELECT digest, digest_text FROM performance_schema.events_statements_current;
digest	digest_text
####################################
# CLEANUP
####################################
DROP TABLE IF EXISTS t1;
DROP TABLE IF EXISTS t2;
DROP TABLE IF EXISTS t3;
DROP TABLE IF EXISTS t4;
DROP TABLE IF EXISTS t5;
DROP TABLE IF EXISTS t6;
DROP TABLE IF EXISTS t11;
DROP TABLE IF EXISTS t12;
DROP DATABASE IF EXISTS statements_digest;
