####################################
# SETUP
####################################
CREATE DATABASE statements_digest;
USE statements_digest;
CREATE TABLE t1(a int);
CREATE TABLE t2(a int);
CREATE TABLE t3(a int, b int);
CREATE TABLE t4(a int, b int);
CREATE TABLE t5(a int, b int, c int);
CREATE TABLE t6(a int, b int, c int, d int);
CREATE TABLE t11 (c CHAR(4));
CREATE TABLE t12 (c CHAR(4));
TRUNCATE TABLE performance_schema.events_statements_summary_by_digest;
####################################
# EXECUTION
####################################
SELECT 1 FROM t1;
1
SELECT 1 FROM `t1`;
1
SELECT 1,2 FROM t1;
1	2
SELECT 1, 2, 3, 4 FROM t1;
1	2	3	4
SELECT 1 FROM t2;
1
SELECT 1,2 FROM t2;
1	2
SELECT 1, 2, 3, 4 FROM t2;
1	2	3	4
INSERT INTO t1 VALUES (1);
INSERT INTO t2 VALUES (1);
INSERT INTO t3 VALUES (1, 2);
INSERT INTO t4 VALUES (1, 2);
INSERT INTO t5 VALUES (1, 2, 3);
INSERT INTO t1 VALUES (1), (2), (3);
INSERT INTO t1 VALUES (1), (2), (3), (4);
INSERT INTO t3 VALUES (1, 2), (3, 4), (5, 6);
INSERT INTO t5 VALUES (1, 2, 3), (4, 5, 6), (7, 8, 9);
INSERT INTO t1 VALUES (NULL);
INSERT INTO t3 VALUES (NULL,NULL);
INSERT INTO t3 VALUES (1,NULL);
INSERT INTO t3 VALUES (NULL,1);
INSERT INTO t6 VALUES (NULL, NULL, NULL, NULL);
INSERT INTO t6 VALUES (1, NULL, NULL, NULL);
INSERT INTO t6 VALUES (NULL, 2, NULL, NULL);
INSERT INTO t6 VALUES (1, 2, 3, NULL);
INSERT INTO t6 VALUES (1, 2, NULL, 4);
SELECT                                          1           +        1;
1           +        1
2
SELECT 1;
1
1
SELECT 1 /* This is an inline comment */ + 1;
1 /* This is an inline comment */ + 1
2
SELECT 1+
/*
this is a
multiple-line comment
*/
1;
1+
/*
this is a
multiple-line comment
*/
1
2
CREATE SCHEMA statements_digest_temp;
DROP SCHEMA statements_digest_temp;
CREATE DATABASE statements_digest_temp;
DROP DATABASE statements_digest_temp;
SELECT 1 FROM no_such_table;
ERROR 42S02: Table 'statements_digest.no_such_table' doesn't exist
CREATE TABLE dup_table (c char(4));
CREATE TABLE dup_table (c char(4));
ERROR 42S01: Table 'dup_table' already exists
DROP TABLE dup_table;
INSERT INTO t11 VALUES("MySQL");
Warnings:
Warning	1265	Data truncated for column 'c' at row 1
PREPARE stmt FROM "SELECT * FROM t12";
EXECUTE stmt;
c
EXECUTE stmt;
c
DEALLOCATE PREPARE stmt;
CREATE PROCEDURE p1() BEGIN SELECT * FROM t12; END//
CALL p1();
c
CALL p1();
c
DROP PROCEDURE p1;
CREATE FUNCTION `func`(a INT, b INT) RETURNS int(11) RETURN a+b //
select func(3,4);
func(3,4)
7
select func(13,42);
func(13,42)
55
DROP FUNCTION func;
CREATE TRIGGER trg BEFORE INSERT ON t12 FOR EACH ROW SET @a:=1;
INSERT INTO t12 VALUES ("abc");
INSERT INTO t12 VALUES ("def");
DROP TRIGGER trg;
####################################
# QUERYING PS STATEMENT DIGEST
####################################
SELECT SCHEMA_NAME, DIGEST, DIGEST_TEXT, COUNT_STAR, SUM_ROWS_AFFECTED, SUM_WARNINGS,
SUM_ERRORS FROM performance_schema.events_statements_summary_by_digest;
SCHEMA_NAME	DIGEST	DIGEST_TEXT	COUNT_STAR	SUM_ROWS_AFFECTED	SUM_WARNINGS	SUM_ERRORS
statements_digest	77dbd69793e577e8c291d2727dc2b702	TRUNCATE TABLE performance_schema . events_statements_summary_by_digest 	1	0	0	0
statements_digest	b1e32c0746978bea3de9aab5e756f433	SELECT ? FROM t1 	1	0	0	0
statements_digest	d385d88b2dcb2fb008418f9ec7ef98c4	SELECT ? FROM `t1` 	1	0	0	0
statements_digest	f6613ae3d63d38b8f43da3e3aed4eb07	SELECT ?, ... FROM t1 	2	0	0	0
statements_digest	62ee501c1fe94010b108f499e8a3d23a	SELECT ? FROM t2 	1	0	0	0
statements_digest	a707c5ff31a640e4a023c2541c16fc12	SELECT ?, ... FROM t2 	2	0	0	0
statements_digest	140bf271285aa4e6abd7b8b07022835a	INSERT INTO t1 VALUES (?) 	1	1	0	0
statements_digest	c8441a092129e8d3839bfc685135243f	INSERT INTO t2 VALUES (?) 	1	1	0	0
statements_digest	a36e2851e62b3656757754eeb2b3036e	INSERT INTO t3 VALUES (...) 	4	4	0	0
statements_digest	aa49ae42358c1042bea0ed823bf071cf	INSERT INTO t4 VALUES (...) 	1	1	0	0
statements_digest	2c9ad67cb913d0cad49d027f65724ab0	INSERT INTO t5 VALUES (...) 	1	1	0	0
statements_digest	e966d6c0a352436a0d0d5eb56c75985d	INSERT INTO t1 VALUES (?) /* , ... */ 	2	7	0	0
statements_digest	c27692de5905ecf8b82c59ddb0db89e1	INSERT INTO t3 VALUES (...) /* , ... */ 	1	3	0	0
statements_digest	a27390040b552adb232981bff4c8a9cb	INSERT INTO t5 VALUES (...) /* , ... */ 	1	3	0	0
statements_digest	486a4c61594bd0982f2c9deb9a480ec5	INSERT INTO t1 VALUES ( NULL ) 	1	1	0	0
statements_digest	9ff710805ab184c5b250825c04baeceb	INSERT INTO t6 VALUES (...) 	5	5	0	0
statements_digest	7a1263b89422e1742ef823a433df32e5	SELECT ? + ? 	3	0	0	0
statements_digest	48a4b4b6ebaa11e72212f847fa4b65d3	SELECT ? 	1	0	0	0
statements_digest	cb68d6538e253cf9b286b69002e4f7c6	CREATE SCHEMA statements_digest_temp 	2	2	0	0
statements_digest	1be21054d5e84f03f7f100ac01e7d01c	DROP SCHEMA statements_digest_temp 	2	0	0	0
statements_digest	b83b2858274e88095960b9a0e8484b39	SELECT ? FROM no_such_table 	1	0	0	1
statements_digest	728ff0957cd31730c286da2870603c1e	CREATE TABLE dup_table ( c CHARACTER (?) ) 	2	0	0	1
statements_digest	62a796878b75fbb2a0b3c46b1a0c304e	DROP TABLE dup_table 	1	0	0	0
statements_digest	4f351d14dfe1918e2cbe712fc5fff417	INSERT INTO t11 VALUES (?) 	1	1	1	0
statements_digest	a2ff80083c2a8260e230ace1358ccd13	SHOW WARNINGS 	1	0	0	0
statements_digest	c83e12f891130ba99fd7e3aad2b176ee	PREPARE stmt FROM ? 	1	0	0	0
statements_digest	3611ccd279d7aa2c6734c2d1eacd6c15	EXECUTE stmt 	2	0	0	0
statements_digest	3cef6b3372bc65eb8330b24c27cb2f72	DEALLOCATE PREPARE stmt 	1	0	0	0
statements_digest	211645d10d039e6d74be7ee8c1e77cd5	CREATE PROCEDURE p1 ( ) BEGIN SELECT * FROM t12 ; END 	1	0	0	0
statements_digest	cb3845b95bef7838f53e2ba7088251fb	CALL p1 ( ) 	2	0	0	0
statements_digest	f88dcccc4bc06621383792b4f6b1c5a9	DROP PROCEDURE p1 	1	0	0	0
statements_digest	f11f4223c130624e29c48e76dbd646ab	CREATE FUNCTION `func` ( a INTEGER , b INTEGER ) RETURNS INTEGER (?) RETURN a + b 	1	0	0	0
statements_digest	d6718fd59fef579c791ebce6dcd51a4c	SELECT func (...) 	2	0	0	0
statements_digest	ccc3f1a7e56b2dd21f5a42ec5e07b6aa	DROP FUNCTION func 	1	0	0	0
statements_digest	b9dd6bb1126335ef23162d95216c9e03	CREATE TRIGGER trg BEFORE INSERT ON t12 FOR EACH ROW SET @ ? := ? 	1	0	0	0
statements_digest	79008a859176314a9824e009c032ae81	INSERT INTO t12 VALUES (?) 	2	2	0	0
statements_digest	dd839819b94a6ccfeed18928eb832243	DROP TRIGGER trg 	1	0	0	0
####################################
# CLEANUP
####################################
DROP TABLE IF EXISTS t1;
DROP TABLE IF EXISTS t2;
DROP TABLE IF EXISTS t3;
DROP TABLE IF EXISTS t4;
DROP TABLE IF EXISTS t5;
DROP TABLE IF EXISTS t6;
DROP TABLE IF EXISTS t11;
DROP TABLE IF EXISTS t12;
DROP DATABASE IF EXISTS statements_digest;
